wavelength_nm,PD1
1547.7,167.0
1547.71,172.0
1547.72,176.0
1547.73,189.0
1547.74,214.0
1547.75,239.0
1547.76,283.0
1547.77,344.0
1547.78,417.0
1547.79,531.0
1547.8,747.0
1547.81,793.0
1547.82,1716.0
1547.83,1884.0
1547.84,1601.0
1547.85,1090.0
1547.86,768.0
1547.87,533.0
1547.8799999999999,369.0
1547.8899999999999,258.0
1547.8999999999999,157.0
