wavelength_nm,PD1
1547.7,202.0
1547.72,341.0
1547.74,650.0
1547.76,935.0
1547.78,2349.0
1547.8,1646.0
1547.82,852.0
1547.84,500.0
1547.86,321.0
1547.8799999999999,223.0
1547.8999999999999,179.0
